{
  "created_at": "2026-07-05T18:39:44.484906+00:00",
  "input_dim": 100,
  "event_vector_dim": 25,
  "max_price": 150000,
  "positive_count": 32,
  "negative_count": 41,
  "final_train_loss": 0.017001332715153694,
  "final_train_accuracy": 1.0,
  "validation_loss": 0.057456355541944504,
  "validation_accuracy": 1.0,
  "validation_auc": 1.0
}