{
  "created_at": "2026-07-05T06:23:57.575291+00:00",
  "input_dim": 100,
  "event_vector_dim": 25,
  "max_price": 150000,
  "positive_count": 22,
  "negative_count": 46,
  "final_train_loss": 0.16051535308361053,
  "final_train_accuracy": 0.9272727370262146,
  "validation_loss": 0.3035910427570343,
  "validation_accuracy": 0.8461538553237915,
  "validation_auc": 0.9666666388511658
}